<?xml version="1.0"?>
<image xmlns="http://www.vips.ecs.soton.ac.uk//dzsave" date="2022-11-23T00:29:27.750373+05:30" version="8.13.3">
  <properties>
    <property>
      <name>width</name>
      <value type="gint">9006</value>
    </property>
    <property>
      <name>height</name>
      <value type="gint">4247</value>
    </property>
    <property>
      <name>bands</name>
      <value type="gint">3</value>
    </property>
    <property>
      <name>xoffset</name>
      <value type="gint">0</value>
    </property>
    <property>
      <name>yoffset</name>
      <value type="gint">0</value>
    </property>
    <property>
      <name>xres</name>
      <value type="gdouble">1</value>
    </property>
    <property>
      <name>yres</name>
      <value type="gdouble">1</value>
    </property>
    <property>
      <name>vips-loader</name>
      <value type="VipsRefString">tiffload</value>
    </property>
    <property>
      <name>n-pages</name>
      <value type="gint">1</value>
    </property>
    <property>
      <name>orientation</name>
      <value type="gint">1</value>
    </property>
  </properties>
</image>
